"key","wikipedia","reddit","stackoverflow"
"1C Enterprise","1C:Enterprise","",""
"ABAP","ABAP","abap","abap"
"ActionScript","ActionScript","actionscript","actionscript|actionscript-2|actionscript-3"
"Ada","Ada_(programming_language)","ada","ada"
"Agda","Agda_(programming_language)","agda","agda"
"AGS Script","Adventure_Game_Studio","adventuregamestudio",""
"Alloy","Alloy_(specification_language)","","alloy"
"AMPL","AMPL","","ampl"
"ANTLR","ANTLR","","antlr|antlr3|antlr4"
"ApacheConf","Apache_HTTP_Server","apache","apache"
"Apex","Salesforce","salesforce","apex"
"API Blueprint","","","apiblueprint"
"APL","APL_(programming_language)","apljk","apl"
"AppleScript","AppleScript","applescript","applescript"
"Arc","Arc_(programming_language)","","arc-lisp"
"Arduino","Arduino","arduino","arduino"
"ASP","Active_Server_Pages","","asp-classic"
"Assembly","Assembly_language","asm","assembly"
"ATS","ATS_(programming_language)","ATS","ats"
"Augeas","Augeas_(software)","","augeas"
"AutoHotkey","AutoHotkey","AutoHotkey","autohotkey"
"AutoIt","AutoIt","autoit","autoit"
"Awk","AWK","awk","awk"
"Batchfile","Batch_file","Batch","batch-file"
"Bison","GNU_Bison","","bison"
"BitBake","BitBake","bitbake","bitbake"
"Bluespec","Bluespec","","bluespec"
"Brainfuck","Brainfuck","brainfuck","brainfuck"
"Brightscript","","RokuDev","brightscript"
"Bro","Zeek","","bro|zeek"
"C","C_(programming_language)","C_Programming","c"
"C#","C_Sharp_(programming_language)","csharp","c#"
"C++","C++","cpp","c++"
"CartoCSS","CartoDB","","cartocss"
"Ceylon","Ceylon_(programming_language)","ceylon","ceylon"
"Chapel","Chapel_(programming_language)","chapel","chapel"
"Clean","Clean_(programming_language)","","clean-language"
"Click","","",""
"Clojure","Clojure","Clojure","clojure"
"CMake","CMake","cmake","cmake"
"COBOL","COBOL","cobol","cobol"
"CoffeeScript","CoffeeScript","coffeescript","coffeescript"
"ColdFusion","Adobe_ColdFusion","coldfusion","coldfusion"
"Common Lisp","Common_Lisp","Common_Lisp","common-lisp"
"Common Workflow Language","Common_Workflow_Language","",""
"Component Pascal","Component_Pascal","","component-pascal"
"Coq","Coq","Coq","coq"
"Crystal","Crystal_(programming_language)","crystal_programming","crystal-lang"
"CSS","Cascading_Style_Sheets","CSS","css"
"Cucumber","Cucumber_(software)","","cucumber|gherkin"
"Cuda","CUDA","CUDA","cuda"
"D","D_(programming_language)","d_language","d"
"Dart","Dart_(programming_language)","dartlang","dart"
"DCPU-16 ASM","","dcpu16","dcpu-16"
"Delphi","Delphi_(software)","delphi","delphi"
"Diff","","",""
"DIGITAL Command Language","DIGITAL_Command_Language","","dcl"
"DM","Space_Station_13","BYOND",""
"Dockerfile","Docker_(software)","docker","docker"
"DOT","DOT_(graph_description_language)|Graphviz","graphviz","graphviz|dot"
"DTrace","DTrace","dtrace","dtrace"
"Dylan","Dylan_(programming_language)","","dylan"
"Eagle","EAGLE_(program)","",""
"Eiffel","Eiffel_(programming_language)","","eiffel"
"Elixir","Elixir_(programming_language)","elixir","elixir"
"Elm","Elm_(programming_language)","elm","elm"
"Emacs Lisp","Emacs_Lisp","emacs","elisp"
"EmberScript","","",""
"Erlang","Erlang_(programming_language)","erlang","erlang"
"F*","F*_(programming_language)","fstar","fstar"
"F#","F_Sharp_(programming_language)","fsharp","f#"
"Factor","Factor_(programming_language)","factor","factor-lang"
"Fancy","","",""
"FLUX","","","flux-influxdb"
"Forth","Forth_(programming_language)","Forth","forth"
"Fortran","Fortran","fortran","fortran"
"FreeMarker","FreeMarker","","freemarker"
"Frege","","","frege"
"Game Maker Language","GameMaker","gamemaker","game-maker"
"GAP","GAP_(computer_algebra_system)","","gap-system"
"GCC Machine Description","","",""
"GDScript","Godot_(game_engine)","godot","godot"
"Genshi","Genshi_(templating_language)","","genshi"
"Gettext Catalog","Gettext","","gettext"
"Gherkin","Cucumber_(software)","","gherkin"
"GLSL","OpenGL_Shading_Language","glsl","glsl"
"Gnuplot","Gnuplot","gnuplot","gnuplot"
"Go","Go_(programming_language)","golang","go"
"Gosu","Gosu_(programming_language)","","gosu"
"Groff","Groff_(software)","groff","groff"
"Groovy","Apache_Groovy","groovy","groovy"
"Hack","Hack_(programming_language)","hacklang","hacklang"
"Handlebars","","",""
"Haskell","Haskell_(programming_language)","haskell","haskell"
"Haxe","Haxe","haxe","haxe"
"HCL","Terraform_(software)","Terraform","Terraform"
"HLSL","High-Level_Shading_Language","","hlsl"
"HTML","HTML","HTML","html"
"Hy","Hy","hylang","hy"
"IDL","IDL_(programming_language)","IDLhelp","idl-programming-language"
"Interface Description Language","Interface_description_language","","idl"
"Idris","Idris_(programming_language)","Idris","idris"
"IGOR Pro","IGOR_Pro","IgorPro","igor"
"Inform 7","Inform","Inform7","inform7"
"Inno Setup","Inno_Setup","","inno-setup"
"Io","Io_(programming_language)","iolanguage","iolanguage"
"Isabelle","Isabelle_(proof_assistant)","isabelle","isabelle"
"J","J_(programming_language)","jlang","j"
"Java","Java_(programming_language)","java","java"
"JavaScript","JavaScript","javascript","javascript"
"JSONiq","JSONiq","","jsoniq"
"Jsonnet","","","jsonnet"
"Julia","Julia_(programming_language)","Julia","julia"
"Jupyter Notebook","Project_Jupyter","IPython","jupyter"
"KiCad","KiCad","KiCad","kicad"
"KiCad Layout","KiCad","KiCad","kicad"
"Kotlin","Kotlin_(programming_language)","Kotlin","kotlin"
"KRL","KUKA_Robot_Language","","kuka-krl"
"LabVIEW","LabVIEW","LabVIEW","labview"
"Lasso","Lasso_(programming_language)","",""
"Lean","Lean_(proof_assistant)","leanprover","lean"
"Lex","Lex_(software)","","lex"
"LilyPond","LilyPond","lilypond","lilypond"
"Limbo","Limbo_(programming_language)","",""
"Liquid","","","liquid"
"LiveScript","LiveScript","LiveScript","livescript"
"LLVM","LLVM","LLVM","llvm|llvm-ir"
"Logos","","",""
"Logo Language","Logo_(programming_language)","logolang","logo-lang"
"Logtalk","Logtalk","","logtalk"
"LookML","Looker_(company)","Looker","looker"
"LoomScript","","",""
"LSL","","lsl","linden-scripting-language"
"Lua","Lua_(programming_language)","lua","lua"
"M","MUMPS","MLang","mumps"
"M4","m4_(computer_language)","","m4"
"Makefile","Make_(software)","","makefile"
"Mako","","","mako"
"Markdown","Markdown","Markdown","markdown"
"Mask","","",""
"Mathematica","Wolfram_Mathematica","Mathematica","wolfram-mathematica"
"MATLAB","MATLAB","matlab","matlab"
"Max","Max_(software)","MaxMSP","max-msp-jitter"
"MAXScript","","Maxscript","maxscript"
"Mercury","Mercury_(programming_language)","mercury","mercury"
"Meson","Meson_(software)","meson","meson-build"
"Mirah","Mirah_(programming_language)","mirah","mirah"
"MLIR","","",""
"Modelica","Modelica","Modelica","modelica"
"Modula-2","Modula-2","","modula-2"
"Monkey","","",""
"MoonScript","","moonscript","moonscript"
"MQL4","","","mql4"
"MQL5","","","mql5"
"NCL","","","ncl"
"Nemerle","Nemerle","nemerle","nemerle"
"nesC","NesC","","nesc"
"NetLogo","NetLogo","NetLogo","netlogo"
"Nextflow","","","nextflow"
"Nginx","Nginx","nginx","nginx"
"Nim","Nim_(programming_language)","nim","nim-lang"
"Nix","Nix_package_manager","NixOS","nix"
"NSIS","Nullsoft_Scriptable_Install_System","NSIS","nsis"
"Objective-C","Objective-C","ObjectiveC","objective-c"
"Objective-C++","","","objective-c++"
"Objective-J","Objective-J","","objective-j"
"OCaml","OCaml","ocaml","ocaml"
"ooc","","",""
"Open Policy Agent","","OpenPolicyAgent","open-policy-agent"
"OpenEdge ABL","OpenEdge_Advanced_Business_Language","OpenEdge","openedge|progress-4gl"
"OpenSCAD","OpenSCAD","openscad","openscad"
"Oz","Oz_(programming_language)","","mozart|oz"
"P4","P4_(programming_language)","","p4-lang"
"Pan","Pan_(programming_language)","",""
"Papyrus","","skyrimmods",""
"Pascal","Pascal_(programming_language)","pascal","pascal"
"Pawn","","","pawn"
"Perl","Perl","perl","perl"
"PHP","PHP","PHP","php"
"PicoLisp","PicoLisp","","picolisp"
"PigLatin","Apache_Pig","","apache-pig"
"Pike","","","pike"
"PLpgSQL","pgSQL","PostgreSQL","postgresql"
"PLSQL","PL/SQL","plsql","plsql"
"Pony","","ponylang","ponylang"
"PostScript","PostScript","PostScript","postscript"
"POV-Ray SDL","POV-Ray","","povray"
"PowerBuilder","PowerBuilder","PowerBuilder","powerbuilder"
"PowerShell","PowerShell","PowerShell","powershell"
"Processing","Processing_(programming_language)","processing","processing"
"Prolog","Prolog","prolog","prolog"
"Propeller Spin","Parallax_Propeller","","propeller-tool"
"Protocol Buffer","Protocol_Buffers","","protocol-buffers"
"Puppet","Puppet_(company)","Puppet","puppet"
"Pure Data","Pure_Data","puredata","puredata"
"PureBasic","PureBasic","purebasic",""
"PureScript","PureScript","purescript","purescript"
"Python","Python_(programming_language)","Python","python"
"q","Q_(programming_language_from_Kx_Systems)","kdb","kdb"
"QMake","Qmake","","qmake"
"QML","QML","QtFramework","qml"
"R","R_(programming_language)","Rlanguage","r"
"Racket","Racket_(programming_language)","Racket","racket"
"Ragel in Ruby Host","Ragel","","ragel"
"Raku","Raku_(programming_language)","rakulang","raku"
"RAML","RAML_(software)","","raml"
"Rascal","RascalMPL","","rascal"
"Reason","Reason_(programming_language)|Reason_(syntax_extension_for_OCaml)","reasonml","reason"
"Rebol","Rebol","rebol","rebol"
"Red","Red_(programming_language)","redlang","red"
"Ren'Py","Ren'Py","RenPy","renpy"
"Rich Text Format","Rich_Text_Format","","rtf"
"Ring","Ring_(programming_language)","ringlang",""
"RobotFramework","Robot_Framework","robotframework","robotframework"
"Roff","groff_(software)","groff","groff"
"Rouge","","",""
"RPC","","",""
"Ruby","Ruby_(programming_language)","ruby","ruby"
"Rust","Rust_(programming_language)","rust","rust"
"SaltStack","Salt_(software)","saltstack","salt-stack"
"SAS","SAS_language","sas","sas"
"Scala","Scala_(programming_language)","scala","scala"
"Scheme","Scheme_(programming_language)","scheme","scheme"
"Scilab","Scilab","scilab","scilab"
"sed","Sed","","sed"
"ShaderLab","","","shaderlab"
"Shell","Bash_(Unix_shell)","bash","bash"
"Shen","","Qi_Shen|shenlanguage","shen"
"Slash","","",""
"Smali","","","smali"
"Smalltalk","Smalltalk","smalltalk","smalltalk"
"Smarty","Smarty_(template_engine)","","smarty"
"SMT","Satisfiability_modulo_theories","","smt"
"SourcePawn","","",""
"SQF","","","sqf"
"SQL","SQL","SQL","sql"
"SQLPL","SQL_PL","DB2","db2"
"Squirrel","Squirrel_(programming_language)","","squirrel"
"Stan","Stan_(software)","","stan"
"Standard ML","Standard_ML","sml","sml"
"Starlark","Bazel_(software)","bazel","bazel"
"Stata","Stata","stata","stata"
"SuperCollider","SuperCollider","supercollider","supercollider"
"Swift","Swift_(programming_language)","swift","swift"
"SWIG","SWIG","","swig"
"SystemVerilog","SystemVerilog","systemverilog","system-verilog"
"Tcl","Tcl","Tcl","tcl"
"TeX","LaTeX","LaTeX","latex"
"Thrift","Apache_Thrift","","thrift|thrift-protocol"
"TSQL","Transact-SQL","SQLServer","tsql"
"TypeScript","TypeScript","typescript","typescript"
"Uno","","",""
"UnrealScript","","UnrealScript","unrealscript"
"UrWeb","Ur_(programming_language)","",""
"Vala","Vala_(programming_language)","vala","vala"
"VBA","Visual_Basic_for_Applications","vba","vba"
"VCL","Varnish_(software)","varnish","varnish|varnish-vcl"
"Verilog","Verilog","Verilog","verilog"
"VHDL","VHDL","VHDL","vhdl"
"Vim script","Vim_(text_editor)","vim","vim"
"Vim Snippet","","",""
"Visual Basic","Visual_Basic","visualbasic","vb"
"Visual Basic .NET","Visual_Basic_.NET","visualbasic","vb.net"
"Vue","Vue.js","vuejs","vue.js"
"Web Ontology Language","Web_Ontology_Language","semanticweb","owl"
"WebAssembly","WebAssembly","WebAssembly","webassembly"
"wisp","","",""
"X10","X10_(programming_language)","","x10-language"
"xBase","XBase","","xbase"
"XC","XC_(programming_language)","","xmos"
"XML","XML","xml","xml"
"Xojo","Xojo","xojo","xojo|realbasic"
"XProc","XProc","","xproc"
"XQuery","XQuery","xquery","xquery"
"XS","XS_(Perl)","","xs"
"XSLT","XSLT","xslt","xslt"
"Xtend","Xtend","","xtend"
"Yacc","Yacc","","yacc"
"YARA","YARA","","yara"
"Zephir","Zephir","","zephir"
"Zig","Zig_(programming_language)","Zig","zig"
"4D","4th_Dimension_(software)","4dapps","4d-database"
"ABNF","Augmented_Backus–Naur_form","","abnf"
"AIDL","","","aidl"
"AL","C/AL","DynamicsNAV","dynamics-al"
"ASL","","",""
"ASP.NET","ASP.NET","ASPNET","asp.net|asp.net-core"
"AngelScript","AngelScript","","angelscript"
"AsciiDoc","AsciiDoc","asciidoc","asciidoc"
"AspectJ","AspectJ","","aspectj"
"Astro","","","astro"
"Asymptote","Asymptote_(vector_graphics_language)","","asymptote"
"BASIC","BASIC","Basic","basic"
"Ballerina","Ballerina_(programming_language)","ballerinalang","ballerina"
"Beef","","beeflang","beef"
"Bicep","","AzureBicep","azure-bicep"
"Blade","Laravel","laravel","laravel-blade"
"BlitzMax","Blitz_BASIC","","blitzmax"
"Boo","Boo_(programming_language)","","boo"
"Boogie","","","boogie"
"CIL","Common_Intermediate_Language","","cil"
"CLIPS","CLIPS","","clips"
"CSON","","","cson"
"CSV","Comma-separated_values","","csv"
"CUE","","","cuelang"
"CWeb","Web_(programming_system)","",""
"Cap'n Proto","Cap'n_Proto","","capnproto"
"Charity","","",""
"ChucK","ChucK","","chuck"
"Cirru","","",""
"Clarion","Clarion_(programming_language)","Clarion","clarion"
"CodeQL","Semmle","","codeql"
"Cool","Cool_(programming_language)","",""
"Csound","Csound","csound","csound"
"Cycript","","",""
"Cython","Cython","Cython","cython"
"Dafny","Dafny","dafny","dafny"
"DataWeave","MuleSoft","MuleSoft","dataweave"
"Dhall","","dhall","dhall"
"Dogescript","","",""
"E","E_(programming_language)","",""
"ECL","ECL_(data-centric_programming_language)","","hpcc-ecl"
"EJS","","","ejs"
"EQ","","",""
"Fantom","Fantom_(programming_language)","Fantom","fantom"
"Faust","FAUST_(programming_language)","faustdsp",""
"Fennel","","",""
"Fluent","","","fluent"
"FreeBasic","FreeBASIC","","freebasic"
"Futhark","Futhark_(programming_language)","futhark","futhark"
"G-code","G-code","gcode","g-code"
"GAML","GAMA_Platform","",""
"GAMS","General_Algebraic_Modeling_System","","gams-math"
"GDB","GNU_Debugger","","gdb"
"Glyph","","",""
"Golo","Golo_(programming_language)","",""
"Grace","","",""
"Grammatical Framework","Grammatical_Framework","","gf"
"Haml","Haml","","haml"
"Harbour","Harbour_(programming_language)","",""
"HiveQL","Apache_Hive","","hiveql|hive"
"HolyC","TempleOS","TempleOS_Official",""
"HyPhy","HYPHY_(software)","",""
"INI","INI_file","","ini"
"ImageJ Macro","ImageJ","ImageJ","imagej-macro|imagej"
"JSON","JSON","","json"
"Jasmin","","","jasmin"
"Jinja","Jinja_(template_engine)","","jinja2"
"Jolie","Jolie_(programming_language)","","jolie"
"Kaitai Struct","","","kaitai-struct"
"KakouneScript","","kakoune","kakoune"
"Kit","","",""
"Kusto","Azure_Data_Explorer","","azure-data-explorer"
"LFE","LFE_(programming_language)","",""
"Latte","Nette_Framework","","latte|nette"
"Less","Less_(stylesheet_language)","","less"
"MTML","","",""
"Macaulay2","","","macaulay2"
"Marko","","","marko"
"Metal","Metal_(API)","","metal"
"Modula-3","Modula-3","","modula-3"
"Moocode","MOO","","moo"
"Motoko","","","motoko"
"Mustache","Mustache_(template_system)","","mustache"
"NASL","Nessus_Attack_Scripting_Language","nessus","nessus"
"NWScript","NWScript","",""
"Nearley","","","nearley"
"NetLinx","NetLinx","netlinx",""
"NewLisp","NewLISP","","newlisp"
"Nit","","",""
"Nu","Nu_(programming_language)","",""
"Nushell","","Nushell","nushell"
"Nunjucks","","","nunjucks"
"ObjectScript","Caché_ObjectScript","intersystems","objectscript|intersystems-iris"
"Odin","","Odinlang",""
"Opa","Opa_(programming_language)","","opa"
"Opal","Opal_(programming_language)","",""
"OpenQASM","OpenQASM","",""
"Org","Org-mode","orgmode","org-mode"
"Ox","Ox_(programming_language)","","ox"
"PEG.js","","","pegjs"
"Parrot","Parrot_virtual_machine","","parrot"
"Pep8","","","pep8"
"PogoScript","","","pogoscript"
"Promela","Promela","","promela"
"Pug","","","pug"
"Q#","Q_Sharp","qsharp","q#"
"Qt Script","QtScript","","qtscript"
"REXX","Rexx","","rexx"
"RMarkdown","","","r-markdown"
"RUNOFF","TYPSET_and_RUNOFF","",""
"Ragel","","","ragel"
"ReScript","","rescript","rescript"
"RenderScript","RenderScript","","renderscript"
"Riot","","","riot.js"
"Sass/SCSS","Sass_(stylesheet_language)","Sass","sass"
"SRecode Template","","",""
"Sage","SageMath","sagemath","sage"
"Self","Self_(programming_language)","","self"
"Singularity","Singularity_(software)","","singularity-container"
"Slice","","",""
"Slim","","","slim"
"SmPL","Coccinelle_(software)","","coccinelle"
"Solidity","Solidity","ethdev","solidity"
"StringTemplate","","","stringtemplate"
"Stylus","Stylus_(stylesheet_language)","","stylus"
"Svelte","Svelte","sveltejs","svelte"
"TI Program","TI-BASIC|TI-BASIC_83","TI_Calculators","ti-basic"
"TLA","TLA+","tlaplus","tla+"
"TXL","TXL_(programming_language)","",""
"Tea","","",""
"Terra","","",""
"Text","Plain_text","",""
"Turing","Turing_(programming_language)","",""
"Turtle","Turtle_(syntax)","","turtle-rdf"
"Twig","Twig_(template_engine)","","twig"
"V","","vlang","vlang"
"VBScript","VBScript","vbscript","vbscript"
"Volt","","",""
"Wavefront Object","Wavefront_.obj_file","","wavefront"
"WebIDL","Web_IDL","","webidl"
"Wikitext","Help:Wikitext","","wikitext"
"Wollok","","","wollok"
"XPages","XPages","","xpages"
"Xonsh","","xonsh","xonsh"
"YAML","YAML","yaml","yaml"
"YASnippet","","","yasnippet"
"ZAP","","",""
"ZIL","Z-machine","ZILF","z-machine"
"Zeek","Zeek","","zeek"
"ZenScript","","",""
"Zimpl","","",""
"eC","EC_(programming_language)","ecere",""
"jq","","","jq"
"mIRC Script","MIRC_scripting_language","","mirc"
"mcfunction","","MinecraftCommands","minecraft"
"mupad","MuPAD","","mupad"
"reStructuredText","ReStructuredText","","restructuredtext"
"wdl","","","wdl"
